{"name": "gg", "cash": 9903738.70815125, "stocks": {"FYRX": 300}, "trades": [["2024-07-24 00:59:25", "BUY", "FYRX", 300, 320.8709728291723]]}