{"name": "gg", "cash": 9993279.621365158, "stocks": {"AAPL": 40}, "trades": [["2024-07-24 01:32:14", "BUY", "AAPL", 40, 168.00946587106415]]}